Wall time,Step,Value
1532446925.2470345,0,1.0
1532454488.061528,1,1.0
1532462117.8773918,2,1.0
