Wall time,Step,Value
1532446925.2468576,0,0.00013142712123226374
1532454488.0613558,1,1.0960638974211179e-07
1532462117.877219,2,1.0960916796420861e-07
