Wall time,Step,Value
1532446919.5850942,0,1.0
1532454421.5956109,1,1.0
1532462052.3284824,2,1.0
