Wall time,Step,Value
1532446919.584867,0,0.00010613633639877662
1532454421.595349,1,1.0960406626736585e-07
1532462052.3269916,2,1.0960395258052813e-07
