Wall time,Step,Value
1532446999.9382172,0,1.0
1532454523.802596,1,1.0
1532462111.1903884,2,1.0
