Wall time,Step,Value
1532446999.9380105,0,5.237314690020867e-05
1532454523.8023276,1,1.0960475549381954e-07
1532462111.1901603,2,1.0960471996668275e-07
