Wall time,Step,Value
1532516113.8426425,0,0.45151785016059875
1532516843.8185742,1,0.43677234649658203
1532517586.8799646,2,0.43111976981163025
1532518331.228672,3,0.4373975992202759
1532519081.642878,4,0.4365638792514801
1532519828.3030615,5,0.43341362476348877
1532520592.7653046,6,0.4327543079853058
1532521359.863993,7,0.4313560128211975
1532522122.8823645,8,0.4344662129878998
1532522889.2126153,9,0.43127962946891785
1532523637.285866,10,0.43531861901283264
1532524395.5908375,11,0.4365200996398926
1532525159.1448607,12,0.43235695362091064
1532525914.0316129,13,0.4313785135746002
1532526696.209182,14,0.428642600774765
1532527454.8976176,15,0.429067462682724
1532528210.2803388,16,0.4281335473060608
1532528983.1672034,17,0.42870157957077026
1532529771.729067,18,0.42897388339042664
1532530574.7155166,19,0.432524174451828
