Wall time,Step,Value
1532128873.2956066,0,0.8153069019317627
1532134111.0115092,1,0.8432260751724243
1532139340.2131352,2,0.8465943336486816
1532144553.1381125,3,0.8507111072540283
1532149743.1995885,4,0.8608907461166382
1532154952.073862,5,0.8592065572738647
1532160170.3460927,6,0.8635104894638062
1532165398.6557715,7,0.857559859752655
1532170662.0412426,8,0.8646332621574402
1532175944.8577788,9,0.86246258020401
1532181269.1464214,10,0.8618637919425964
1532186592.5070841,11,0.872529923915863
1532191864.158234,12,0.8634356260299683
1532197140.0028284,13,0.8610404133796692
1532202423.650948,14,0.8594685792922974
1532208069.5202212,15,0.8616392016410828
1532213780.6655536,16,0.8614146709442139
1532219487.2330294,17,0.8672904372215271
1532225140.5987682,18,0.8642590045928955
1532230473.1657,19,0.8617140650749207
