Wall time,Step,Value
1532008209.4991598,0,0.8913173675537109
1532009888.1563442,1,0.892440140247345
1532011583.7217224,2,0.8985404372215271
1532013282.8546557,3,0.89988774061203
1532014994.8727732,4,0.8977544903755188
1532016695.9859903,5,0.8995883464813232
1532018396.453054,6,0.8991017937660217
1532020110.7563317,7,0.9020209312438965
1532021816.834299,8,0.8984655737876892
1532023521.17975,9,0.9033682346343994
1532025224.848501,10,0.9023951888084412
1532026919.0901995,11,0.9006736278533936
1532028632.2581902,12,0.9019461274147034
1532030337.454283,13,0.8975673913955688
1532032049.2630692,14,0.898952066898346
1532033746.9416304,15,0.9037050604820251
1532035446.1261451,16,0.9011601805686951
1532037152.2264977,17,0.9035179615020752
1532038849.2140253,18,0.9024326205253601
1532040555.731877,19,0.9005613923072815
