Wall time,Step,Value
1532113428.776864,0,0.8880239725112915
1532118323.837685,1,0.8979042172431946
1532123364.4755087,2,0.9008982181549072
1532128024.7558978,3,0.9035553932189941
1532133721.138351,4,0.90643709897995
1532139492.4760556,5,0.9016467332839966
1532145430.3504817,6,0.9066991209983826
1532151731.0681088,7,0.9065868258476257
1532158074.2902968,8,0.9086077809333801
1532163811.5563583,9,0.904940128326416
1532169953.0066288,10,0.907522439956665
1532176753.0719552,11,0.9097305536270142
1532181248.696211,12,0.9096182584762573
1532185570.2572126,13,0.9078966975212097
1532189982.394165,14,0.9092814326286316
1532194358.0225782,15,0.909992516040802
1532199271.8256574,16,0.9084580540657043
1532203539.5642076,17,0.9080838561058044
1532208596.5021658,18,0.9094311594963074
1532213046.0256457,19,0.9096182584762573
