Wall time,Step,Value
1532128883.3386436,0,0.8238024115562439
1532134142.1088214,1,0.8381362557411194
1532139396.87652,2,0.835142195224762
1532144618.0702066,3,0.8468562960624695
1532149829.821272,4,0.8583458065986633
1532155060.1034281,5,0.8571482300758362
1532160295.185466,6,0.8550524115562439
1532165556.7410672,7,0.8666915893554688
1532170836.6423867,8,0.8682634830474854
1532176165.206357,9,0.8629865050315857
1532181504.692332,10,0.8660179376602173
1532186846.8463523,11,0.8593188524246216
1532192153.8954973,12,0.8609655499458313
1532197455.593445,13,0.8601796627044678
1532202755.6063612,14,0.8652694821357727
1532208449.312156,15,0.8620508909225464
1532214190.249887,16,0.8614521026611328
1532219918.098396,17,0.8694984912872314
1532225578.6762848,18,0.8645209670066833
1532230669.0908837,19,0.8705838322639465
