Wall time,Step,Value
1532472560.5598598,0,1.0
1532474700.9790044,1,1.0
1532476568.4141748,2,1.0
