Wall time,Step,Value
1532472560.5595725,0,1.0963494645466199e-07
1532474700.9787264,1,1.0960921770220011e-07
1532476568.4140153,2,1.096025172842019e-07
