Wall time,Step,Value
1532447044.8061028,0,0.00014891166938468814
1532454589.3179107,1,1.1242619990525782e-07
1532462143.4715757,2,1.0960467022869125e-07
