Wall time,Step,Value
1532447044.8063078,0,1.0
1532454589.3181224,1,1.0
1532462143.4717982,2,1.0
