Wall time,Step,Value
1532008280.728433,0,0.8859281539916992
1532009956.1539028,1,0.8958832621574402
1532011667.5749557,2,0.8988398313522339
1532013366.4298778,3,0.9017964005470276
1532015075.4711318,4,0.899925172328949
1532016782.0317738,5,0.9016841053962708
1532018488.2618961,6,0.9016467332839966
1532020189.018793,7,0.8980538845062256
1532021894.1150107,8,0.9017964005470276
1532023598.2586393,9,0.903667688369751
1532025314.0500412,10,0.8967814445495605
1532027029.2133625,11,0.8995134830474854
1532028745.4845414,12,0.8984655737876892
1532030462.8167531,13,0.8983158469200134
1532032170.246825,14,0.9010853171348572
1532033872.9333334,15,0.9017964005470276
1532035581.8805223,16,0.9016467332839966
1532037291.9326427,17,0.9014595746994019
1532038995.156325,18,0.902507483959198
1532040668.0077662,19,0.901235044002533
