Wall time,Step,Value
1532128797.4393098,0,0.8233532905578613
1532133993.23894,1,0.8427769541740417
1532139183.3744085,2,0.8406437039375305
1532144347.134574,3,0.8405688405036926
1532149489.134847,4,0.8541167378425598
1532154655.0200624,5,0.8537799119949341
1532159822.2805774,6,0.85628741979599
1532165008.3853652,7,0.8502619862556458
1532170217.57166,8,0.8614521026611328
1532175453.635157,9,0.8612649440765381
1532180730.3655157,10,0.8561751246452332
1532186013.0155132,11,0.8567365407943726
1532191256.4420452,12,0.8664670586585999
1532196488.1506422,13,0.8684880137443542
1532201733.0906425,14,0.858907163143158
1532207268.9884233,15,0.8673652410507202
1532212951.6224318,16,0.8632485270500183
1532218614.616278,17,0.8592065572738647
1532224231.7848608,18,0.8623877167701721
1532229817.8708098,19,0.8592814207077026
