Wall time,Step,Value
1532472717.875072,0,1.0970284591849122e-07
1532474904.791192,1,1.0961608865045491e-07
1532476898.138059,2,1.0960918217506332e-07
