Wall time,Step,Value
1532472717.8752477,0,1.0
1532474904.7913468,1,1.0
1532476898.138214,2,1.0
