Wall time,Step,Value
1532128879.9138927,0,0.834992527961731
1532134087.0495875,1,0.8318488001823425
1532139287.959122,2,0.8573353290557861
1532144454.8100562,3,0.8483532667160034
1532149608.920737,4,0.8627994060516357
1532154785.6832588,5,0.8586077690124512
1532159972.8781595,6,0.8602544665336609
1532165175.1311538,7,0.860029935836792
1532170405.4467888,8,0.8683757781982422
1532175654.481163,9,0.8691616654396057
1532180926.5767143,10,0.8631736636161804
1532186215.6028814,11,0.8685628771781921
1532191462.768794,12,0.8671781420707703
1532196695.4479206,13,0.8631362318992615
1532201949.1055603,14,0.866354763507843
1532207520.1028686,15,0.8602170944213867
1532213215.5166838,16,0.8666542172431946
1532218880.2684262,17,0.8632110953330994
1532224515.1150432,18,0.8613772392272949
1532230070.210583,19,0.8600673675537109
