Wall time,Step,Value
1532049548.8324554,0,0.7920284271240234
1532051466.6179993,1,0.786152720451355
1532053430.0901964,2,0.7972679734230042
1532055421.408156,3,0.7995883226394653
1532057302.995182,4,0.7948353290557861
1532059171.5180862,5,0.8021706342697144
1532061025.809013,6,0.8028817176818848
1532062923.600619,7,0.8005239367485046
1532064753.860755,8,0.8020209670066833
1532066582.1616826,9,0.7998502850532532
1532068410.8994672,10,0.8002245426177979
1532070264.042906,11,0.8043787479400635
1532072095.3503747,12,0.8031811118125916
1532073918.8792942,13,0.8002994060516357
1532075752.3871748,14,0.8036676645278931
1532077557.9393718,15,0.8034805655479431
1532079364.4836168,16,0.8033682703971863
1532081165.618971,17,0.7988772392272949
1532082974.7237291,18,0.8040419220924377
1532084780.7323349,19,0.8054266571998596
