Wall time,Step,Value
1532472133.7325513,0,1.096224764296494e-07
1532474194.1891127,1,1.0960180674146613e-07
1532476170.0174813,2,1.0960179253061142e-07
