Wall time,Step,Value
1532472133.7327032,0,1.0
1532474194.1892698,1,1.0
1532476170.0176122,2,1.0
