Wall time,Step,Value
1532049545.8944597,0,0.7857410311698914
1532051469.409516,1,0.7895957827568054
1532053432.2304893,2,0.7944236397743225
1532055430.9794977,3,0.7961452007293701
1532057322.7837594,4,0.7985404133796692
1532059215.5281086,5,0.7977544665336609
1532061081.2201476,6,0.8017215728759766
1532062983.3490953,7,0.8022829294204712
1532064826.4501204,8,0.8009730577468872
1532066662.0832865,9,0.7971556782722473
1532068495.2808695,10,0.8004865050315857
1532070351.389769,11,0.7991017699241638
1532072185.4991505,12,0.8020209670066833
1532074017.1644008,13,0.8011227250099182
1532075839.468608,14,0.8032185435295105
1532077646.0370533,15,0.7992140650749207
1532079470.4980793,16,0.8014596104621887
1532081294.5554724,17,0.8035928010940552
1532083106.2911599,18,0.8041542172431946
1532084904.6668658,19,0.8009356260299683
