Wall time,Step,Value
1532128789.6917357,0,0.8145583868026733
1532133995.9909446,1,0.8303143978118896
1532139200.5303476,2,0.8386227488517761
1532144385.745759,3,0.8447979092597961
1532149539.7646954,4,0.84375
1532154719.9055843,5,0.858907163143158
1532159900.465686,6,0.8439745306968689
1532165098.1239953,7,0.8494760394096375
1532170331.5240905,8,0.8477544784545898
1532175585.9467864,9,0.8548652529716492
1532180868.9078546,10,0.8507859110832214
1532186158.6852803,11,0.8584581017494202
1532191410.3365557,12,0.8591317534446716
1532196657.8852825,13,0.8553518056869507
1532201926.3343039,14,0.8584206700325012
1532207506.1833303,15,0.8563248515129089
1532213206.7172096,16,0.8559131622314453
1532218866.4507692,17,0.8595060110092163
1532224499.952446,18,0.8629490733146667
1532230059.6597643,19,0.8659057021141052
