Wall time,Step,Value
1532446895.210179,0,4.844025897909887e-05
1532454397.374253,1,1.0960552287997416e-07
1532462026.5201805,2,1.0960548735283737e-07
