Wall time,Step,Value
1532446895.2103698,0,1.0
1532454397.3744078,1,1.0
1532462026.5203714,2,1.0
