Wall time,Step,Value
1532049906.058386,0,0.7860404253005981
1532051841.4267404,1,0.7926272749900818
1532053813.3905485,2,0.795097291469574
1532055789.089906,3,0.8006362318992615
1532057676.9825573,4,0.7992889285087585
1532059549.3895462,5,0.8020209670066833
1532061445.480299,6,0.7982784509658813
1532063305.0662754,7,0.8022080659866333
1532065151.6246245,8,0.8017215728759766
1532066983.0615587,9,0.8014221787452698
1532068824.6860824,10,0.7995134592056274
1532070663.5229897,11,0.802544891834259
1532072498.9521422,12,0.8026197552680969
1532074343.4921918,13,0.8029191493988037
1532076169.5574706,14,0.7994385957717896
1532077987.1727328,15,0.7991766333580017
1532079797.274679,16,0.8023203611373901
1532081607.5740705,17,0.8034057021141052
1532083423.2569408,18,0.8028442859649658
1532085041.2910802,19,0.8045284152030945
