Wall time,Step,Value
1532008674.550612,0,0.8916916251182556
1532010367.9281068,1,0.8970434069633484
1532012079.220215,2,0.9007484912872314
1532013794.2255979,3,0.9010104537010193
1532015518.670204,4,0.8997754454612732
1532017218.7973819,5,0.8955838084220886
1532018932.4240654,6,0.8958832621574402
1532020644.1882656,7,0.9002619981765747
1532022347.4387183,8,0.9023951888084412
1532024060.12868,9,0.897492527961731
1532025767.1433544,10,0.9002994298934937
1532027471.7460747,11,0.8973053693771362
1532029177.4592814,12,0.9002994298934937
1532030880.369684,13,0.8998128771781921
1532032580.322746,14,0.8963697552680969
1532034289.8582933,15,0.902694582939148
1532035995.8735228,16,0.9005239605903625
1532037697.5414412,17,0.9022455215454102
1532039409.0498073,18,0.8995134830474854
1532040919.682434,19,0.9027694463729858
