Wall time,Step,Value
1532113408.2724662,0,0.8873128890991211
1532118319.914843,1,0.8990643620491028
1532123362.1552124,2,0.9014221429824829
1532128025.685377,3,0.9008233547210693
1532133719.7702384,4,0.9056886434555054
1532139493.1787229,5,0.9056137800216675
1532145429.6057413,6,0.9043413400650024
1532151730.7555017,7,0.9040045142173767
1532158071.241788,8,0.908682644367218
1532163810.1642792,9,0.9084580540657043
1532169950.4760637,10,0.8994011878967285
1532176752.4134026,11,0.9104790687561035
1532181108.2279274,12,0.9115643501281738
1532185551.038458,13,0.911152720451355
1532189979.510152,14,0.9082335233688354
1532194332.7835486,15,0.9104416370391846
1532199271.85194,16,0.9008982181549072
1532203540.108981,17,0.9085329174995422
1532208596.286619,18,0.9102919101715088
1532213044.0153127,19,0.9107784628868103
