Wall time,Step,Value
1532008694.181859,0,0.8754491209983826
1532010389.1675158,1,0.8939371109008789
1532012088.5721328,2,0.8965569138526917
1532013784.4592402,3,0.9012724757194519
1532015488.6599367,4,0.9007859230041504
1532017183.2743528,5,0.8966317176818848
1532018883.1270044,6,0.8981661796569824
1532020583.8104692,7,0.9007110595703125
1532022282.9547663,8,0.9033682346343994
1532023991.439767,9,0.8986152410507202
1532025691.2423844,10,0.9021332263946533
1532027391.0699098,11,0.9027320146560669
1532029088.034354,12,0.9034056663513184
1532030794.7287476,13,0.8980538845062256
1532032497.2677102,14,0.9004490971565247
1532034202.832092,15,0.9035928249359131
1532035917.9431772,16,0.8998128771781921
1532037617.3468308,17,0.9019835591316223
1532039328.5906398,18,0.9026197791099548
1532040886.3138604,19,0.901384711265564
