Wall time,Step,Value
1532446889.1083612,0,8.663594780955464e-05
1532454388.8016691,1,1.096071073902749e-07
1532461997.699918,2,1.0960323493236501e-07
