Wall time,Step,Value
1532446889.108576,0,1.0
1532454388.8018591,1,1.0
1532461997.7001147,2,1.0
