Wall time,Step,Value
1532516113.8381975,0,0.4475328028202057
1532516856.924713,1,0.4480893909931183
1532517608.379477,2,0.4381707012653351
1532518357.1934838,3,0.43246516585350037
1532519106.4151468,4,0.4370677173137665
1532519856.6283681,5,0.43286216259002686
1532520630.1227722,6,0.42819690704345703
1532521397.678417,7,0.431222528219223
1532522165.242579,8,0.4283527433872223
1532522941.5621371,9,0.4317339360713959
1532523713.569643,10,0.43007829785346985
1532524486.1659932,11,0.4280393123626709
1532525261.961484,12,0.42956358194351196
1532526040.1613278,13,0.43584340810775757
1532526819.7231452,14,0.42643681168556213
1532527583.6123755,15,0.42736485600471497
1532528340.1608438,16,0.4296278953552246
1532529122.1725314,17,0.4276960790157318
1532529927.0556772,18,0.4289010763168335
1532530711.2314045,19,0.43272387981414795
