Wall time,Step,Value
1532128924.454485,0,0.8220434188842773
1532134199.7040396,1,0.8383233547210693
1532139481.4967291,2,0.8485029935836792
1532144726.0874443,3,0.8462575078010559
1532149961.4154882,4,0.851047933101654
1532155202.9878943,5,0.8518338203430176
1532160456.2195559,6,0.8553518056869507
1532165726.6416447,7,0.8558009266853333
1532171027.921153,8,0.8560254573822021
1532176352.5334432,9,0.8620508909225464
1532181728.8255897,10,0.8566242456436157
1532187088.689073,11,0.8609655499458313
1532192409.4999444,12,0.8543038964271545
1532197724.6762683,13,0.8606287240982056
1532203057.9707859,14,0.8614895343780518
1532208814.9311295,15,0.858757495880127
1532214601.8420148,16,0.8547903895378113
1532220355.3983066,17,0.8622380495071411
1532226081.9007401,18,0.8654940128326416
1532230857.2403166,19,0.8627245426177979
