Wall time,Step,Value
1532049539.6074119,0,0.7917664647102356
1532051469.6732392,1,0.7971182465553284
1532053454.24224,2,0.7978667616844177
1532055454.8951352,3,0.8010104894638062
1532057362.094053,4,0.7977170944213867
1532059254.9289641,5,0.8014596104621887
1532061120.7647269,6,0.7989895343780518
1532063014.7562335,7,0.7971182465553284
1532064863.1545818,8,0.8004865050315857
1532066695.389252,9,0.8003742694854736
1532068532.4921012,10,0.8028817176818848
1532070394.017924,11,0.8016092777252197
1532072227.3289359,12,0.802544891834259
1532074072.4844427,13,0.8017215728759766
1532075908.3345742,14,0.7996257543563843
1532077732.1026096,15,0.8004117012023926
1532079557.4054627,16,0.7988772392272949
1532081376.304549,17,0.8008233308792114
1532083196.3364277,18,0.8013098835945129
1532084964.4068494,19,0.7985404133796692
