Wall time,Step,Value
1532049846.0697515,0,0.7895584106445312
1532051770.7816298,1,0.7951721549034119
1532053738.2065854,2,0.796257495880127
1532055722.7741385,3,0.7972679734230042
1532057612.2497077,4,0.7991017699241638
1532059488.065003,5,0.8005613684654236
1532061375.769622,6,0.8003368377685547
1532063244.035728,7,0.7980539202690125
1532065093.0145478,8,0.8016841411590576
1532066922.708204,9,0.802582323551178
1532068745.03103,10,0.8030688762664795
1532070589.901103,11,0.7980912923812866
1532072426.7354844,12,0.7984655499458313
1532074268.907202,13,0.7999251484870911
1532076077.049259,14,0.798802375793457
1532077881.1007738,15,0.8040793538093567
1532079689.740021,16,0.8000748753547668
1532081499.9694636,17,0.8014969825744629
1532083312.232855,18,0.7995883226394653
1532085005.648045,19,0.8016467094421387
