Wall time,Step,Value
1532049860.091865,0,0.783832311630249
1532051785.9515495,1,0.796220064163208
1532053729.802295,2,0.7953592538833618
1532055697.0473404,3,0.8018712401390076
1532057567.982674,4,0.7989146709442139
1532059433.3746388,5,0.8020583987236023
1532061305.602723,6,0.8001871109008789
1532063169.3340704,7,0.8009730577468872
1532065022.0682697,8,0.7998877167701721
1532066838.703708,9,0.8033308386802673
1532068655.4757764,10,0.8036302328109741
1532070500.5604901,11,0.794947624206543
1532072318.248362,12,0.8046032786369324
1532074135.86227,13,0.7970434427261353
1532075945.98497,14,0.8051272630691528
1532077741.740855,15,0.7953218817710876
1532079540.3706565,16,0.794910192489624
1532081337.82303,17,0.8008607625961304
1532083147.115495,18,0.8017215728759766
1532084926.532459,19,0.7983533143997192
