Wall time,Step,Value
1532472818.674999,0,1.0
1532475007.7644207,1,1.0
1532476771.804884,2,1.0
