Wall time,Step,Value
1532472818.6748402,0,1.0963848495748607e-07
1532475007.7642453,1,1.096093029673284e-07
1532476771.804718,2,1.0960538787685437e-07
