Wall time,Step,Value
1532128932.6442575,0,0.8199476003646851
1532134135.7625175,1,0.838735044002533
1532139338.7519908,2,0.841167688369751
1532144528.7784855,3,0.8489895462989807
1532149709.0001411,4,0.8427769541740417
1532154895.1180182,5,0.8531436920166016
1532160092.3322787,6,0.8578966856002808
1532165310.6020982,7,0.8640344142913818
1532170549.2564678,8,0.8537425398826599
1532175815.804936,9,0.8634356260299683
1532181110.3434029,10,0.8644086718559265
1532186414.0585287,11,0.8501496911048889
1532191674.955857,12,0.8605164885520935
1532196936.6912775,13,0.86246258020401
1532202203.6935253,14,0.8619760274887085
1532207816.0662491,15,0.8573353290557861
1532213511.8415082,16,0.8602544665336609
1532219204.607174,17,0.8654940128326416
1532224850.5219862,18,0.8617514967918396
1532230296.5143125,19,0.8696856498718262
