Wall time,Step,Value
1532040811.841744,0,0.891092836856842
1532043013.5578523,1,0.9030688405036926
1532045214.2776418,2,0.904940128326416
1532047415.7903557,3,0.9078966975212097
1532049629.6953256,4,0.9063248634338379
1532051831.8889382,5,0.9077095985412598
1532054035.6452234,6,0.9077095985412598
1532056243.0615776,7,0.9072230458259583
1532058448.4432356,8,0.908869743347168
1532060749.6608355,9,0.905127227306366
1532062965.3229096,10,0.9077095985412598
1532065185.8585863,11,0.9089071750640869
1532067413.703034,12,0.9084206819534302
1532069624.9430246,13,0.9077095985412598
1532071835.3051996,14,0.9085703492164612
1532074044.9274127,15,0.9072979092597961
1532076255.3905032,16,0.9092065691947937
1532078465.142869,17,0.9091691374778748
1532080671.75189,18,0.9066616892814636
1532082882.5204272,19,0.9083083868026733
