Wall time,Step,Value
1532447061.2266138,0,1.0
1532454652.0506113,1,1.0
1532462185.2622585,2,1.0
