Wall time,Step,Value
1532447061.2264328,0,4.522080780589022e-05
1532454652.0503926,1,1.0960269491988583e-07
1532462185.2621057,2,1.0960192753373121e-07
