Wall time,Step,Value
1532473157.5395083,0,1.0
1532475338.3230026,1,1.0
1532476904.7121763,2,1.0
