Wall time,Step,Value
1532473157.5368662,0,1.0970730102144444e-07
1532475338.3124301,1,1.0961254304220347e-07
1532476904.7120762,2,1.0961183960489507e-07
