Wall time,Step,Value
1532471965.4638312,0,1.0
1532474006.358755,1,1.0
1532476036.2552376,2,1.0
