Wall time,Step,Value
1532471965.4636998,0,1.0967676900008883e-07
1532474006.3578074,1,1.0960601315446183e-07
1532476036.2550943,2,1.0960395258052813e-07
