Wall time,Step,Value
1532049885.5552213,0,0.7888473272323608
1532051799.9395545,1,0.789857804775238
1532053756.0537016,2,0.7923278212547302
1532055721.883195,3,0.7980912923812866
1532057592.8154728,4,0.7925524115562439
1532059447.5610027,5,0.797492504119873
1532061315.6685836,6,0.8008233308792114
1532063165.8019106,7,0.7987275719642639
1532064987.5594268,8,0.7979416251182556
1532066791.8392673,9,0.7991017699241638
1532068593.3243744,10,0.800000011920929
1532070426.329363,11,0.7991766333580017
1532072246.5733948,12,0.8019461035728455
1532074055.5446906,13,0.8015344142913818
1532075866.3870835,14,0.7978293299674988
1532077650.2814279,15,0.8017215728759766
1532079446.420588,16,0.7966317534446716
1532081231.4930706,17,0.7995134592056274
1532083023.2048438,18,0.8013473153114319
1532084813.6277604,19,0.8000374436378479
