Wall time,Step,Value
1532472645.2144885,0,1.096469262051869e-07
1532474815.0634825,1,1.0960323493236501e-07
1532476817.9942837,2,1.0960323493236501e-07
