Wall time,Step,Value
1532472645.2146444,0,1.0
1532474815.063649,1,1.0
1532476817.9944446,2,1.0
