Wall time,Step,Value
1532008112.858133,0,0.8946856260299683
1532009807.4430335,1,0.9021706581115723
1532011519.9796212,2,0.8978293538093567
1532013228.045892,3,0.8994011878967285
1532014948.9273908,4,0.9030314087867737
1532016651.069345,5,0.8860778212547302
1532018347.5680878,6,0.9009356498718262
1532020056.2543297,7,0.8970808386802673
1532021765.2561598,8,0.8991392254829407
1532023479.1993198,9,0.9009730815887451
1532025195.6326048,10,0.9021332263946533
1532026905.4054983,11,0.8997754454612732
1532028610.864656,12,0.8981661796569824
1532030322.2974951,13,0.8979042172431946
1532032026.2142084,14,0.902507483959198
1532033736.5933843,15,0.8935254216194153
1532035451.8862817,16,0.9013099074363708
1532037162.3490963,17,0.9007859230041504
1532038867.3519137,18,0.9018712639808655
1532040567.7669127,19,0.8998128771781921
