Wall time,Step,Value
1532471905.3347743,0,1.0
1532473925.626998,1,1.0
1532476072.7044504,2,1.0
