Wall time,Step,Value
1532471905.33457,0,1.09660618363705e-07
1532473925.6268415,1,1.0960276597415941e-07
1532476072.7043254,2,1.0960597762732505e-07
