Wall time,Step,Value
1532113377.4003804,0,0.8947979211807251
1532118319.7089305,1,0.8959206342697144
1532123361.031544,2,0.9028817415237427
1532128024.376539,3,0.9031811356544495
1532133718.7660308,4,0.9043039083480835
1532139492.2987523,5,0.894835352897644
1532145430.7168772,6,0.9080089926719666
1532151743.7470195,7,0.9052395224571228
1532158073.5917459,8,0.9071481823921204
1532163811.8059192,9,0.9058008790016174
1532169950.533185,10,0.9089071750640869
1532176757.5411942,11,0.9092440009117126
1532181107.904797,12,0.9115269184112549
1532185551.5063972,13,0.908869743347168
1532189981.848954,14,0.9110778570175171
1532194331.4860554,15,0.9057634472846985
1532199271.88126,16,0.9054640531539917
1532203538.6874719,17,0.9116017818450928
1532208596.2031882,18,0.9085329174995422
1532213043.8909924,19,0.908720076084137
