Wall time,Step,Value
1532049886.0954063,0,0.7921781539916992
1532051818.8084047,1,0.7902320623397827
1532053780.4071567,2,0.7925524115562439
1532055748.2012815,3,0.7974550724029541
1532057618.405831,4,0.7992889285087585
1532059489.965354,5,0.8005613684654236
1532061360.8320708,6,0.7951347231864929
1532063225.082724,7,0.8017215728759766
1532065057.1638165,8,0.7977544665336609
1532066877.033348,9,0.7985778450965881
1532068698.8773043,10,0.8019086718559265
1532070540.6331818,11,0.7992140650749207
1532072359.5211833,12,0.7997380495071411
1532074187.4939842,13,0.7991392016410828
1532076002.3623912,14,0.8027694821357727
1532077797.4812057,15,0.8022080659866333
1532079605.3883996,16,0.8003368377685547
1532081410.8480706,17,0.797342836856842
1532083215.601643,18,0.8027694821357727
1532084967.4711246,19,0.8018338084220886
