Wall time,Step,Value
1532471982.7446551,0,1.0
1532474036.1632586,1,1.0
1532476165.6282365,2,1.0
