Wall time,Step,Value
1532471982.744425,0,1.0984004461533914e-07
1532474036.162991,1,1.5161041119426955e-05
1532476165.6279163,2,1.0975409026059424e-07
