Wall time,Step,Value
1532446930.8400884,0,0.0001142865585279651
1532454453.79611,1,1.0960262386561226e-07
1532462068.1930788,2,1.0960252438962925e-07
