Wall time,Step,Value
1532446930.8402972,0,1.0
1532454453.7962914,1,1.0
1532462068.1932962,2,1.0
