Wall time,Step,Value
1532128920.288595,0,0.8192365169525146
1532134159.1799293,1,0.8334954977035522
1532139380.501589,2,0.8486900925636292
1532144587.9209776,3,0.8444985151290894
1532149767.7162635,4,0.8540045022964478
1532154979.2481925,5,0.8502619862556458
1532160197.4981668,6,0.8586452007293701
1532165426.7873805,7,0.8556886315345764
1532170679.7330601,8,0.857447624206543
1532175962.4515052,9,0.858720064163208
1532181284.0167317,10,0.8620134592056274
1532186598.190842,11,0.8645209670066833
1532191872.820401,12,0.8643712401390076
1532197141.6992261,13,0.8621631860733032
1532202429.5177474,14,0.8638098835945129
1532208072.924853,15,0.8555014729499817
1532213788.3439107,16,0.8585703372955322
1532219498.266476,17,0.8661302328109741
1532225158.6125426,18,0.861190140247345
1532230491.3114405,19,0.8634730577468872
