Wall time,Step,Value
1532008807.290841,0,0.8953218460083008
1532010497.9349422,1,0.8935254216194153
1532012193.3135676,2,0.9007859230041504
1532013898.3084915,3,0.9003742337226868
1532015605.5358717,4,0.9016467332839966
1532017315.4540212,5,0.8988398313522339
1532019011.9592543,6,0.8950973153114319
1532020725.8532321,7,0.901197612285614
1532022426.1712248,8,0.8992140889167786
1532024127.6056476,9,0.8986526727676392
1532025828.201739,10,0.8997754454612732
1532027537.6991045,11,0.9006362557411194
1532029253.8249943,12,0.9022829532623291
1532030974.534923,13,0.8989894986152649
1532032677.954989,14,0.9034056663513184
1532034385.8143806,15,0.8959206342697144
1532036095.9285102,16,0.898952066898346
1532037809.5188835,17,0.9032185673713684
1532039511.0092182,18,0.8994760513305664
1532040955.1599715,19,0.9004116654396057
