Wall time,Step,Value
1532447014.0342424,0,4.504865501075983e-05
1532454587.4548905,1,1.0960483365352047e-07
1532462157.1562774,2,1.096025172842019e-07
