Wall time,Step,Value
1532447014.0344272,0,1.0
1532454587.4550672,1,1.0
1532462157.15647,2,1.0
