Wall time,Step,Value
1532473038.4882708,0,1.0
1532475237.251978,1,1.0
1532476917.804538,2,1.0
