Wall time,Step,Value
1532473038.4881232,0,1.0964661356638317e-07
1532475237.2518075,1,1.096094877084397e-07
1532476917.804428,2,1.0960614815758163e-07
