Wall time,Step,Value
1532008811.9614832,0,0.8965194821357727
1532010490.1779351,1,0.8961077928543091
1532012187.3716996,2,0.8991017937660217
1532013871.4797328,3,0.8950598835945129
1532015559.4712677,4,0.8984281420707703
1532017248.1252968,5,0.8998128771781921
1532018930.3430254,6,0.9032185673713684
1532020633.1465173,7,0.9004490971565247
1532022326.876881,8,0.9027320146560669
1532024020.8809721,9,0.8990643620491028
1532025716.4134688,10,0.901384711265564
1532027411.419426,11,0.90007483959198
1532029107.5484047,12,0.9011601805686951
1532030807.2884843,13,0.8984281420707703
1532032499.997779,14,0.9020583629608154
1532034189.9505868,15,0.8997380137443542
1532035884.4487224,16,0.9031437039375305
1532037582.9329982,17,0.8988023996353149
1532039287.1991825,18,0.9037424921989441
1532040854.6434793,19,0.9003368020057678
