Wall time,Step,Value
1532446969.3770683,0,1.0
1532454489.4813483,1,1.0
1532462080.1595619,2,1.0
