Wall time,Step,Value
1532446969.3768692,0,7.71948616602458e-05
1532454489.4811356,1,1.0960412311078471e-07
1532462080.15935,2,1.0960476970467425e-07
