Wall time,Step,Value
1532008104.2441475,0,0.8855913281440735
1532009787.5342793,1,0.8949475884437561
1532011504.683358,2,0.8988023996353149
1532013218.594384,3,0.9025449156761169
1532014949.4430592,4,0.8971182703971863
1532016660.3514025,5,0.9044535756111145
1532018370.5433137,6,0.90007483959198
1532020076.0108151,7,0.8943113684654236
1532021777.852382,8,0.9013099074363708
1532023491.225398,9,0.9016093015670776
1532025194.762469,10,0.9024326205253601
1532026897.2948263,11,0.9035179615020752
1532028620.4366958,12,0.9032559990882874
1532030353.2350955,13,0.9034430980682373
1532032067.7203474,14,0.9027694463729858
1532033782.3710248,15,0.9008982181549072
1532035493.7839088,16,0.9055763483047485
1532037202.7169762,17,0.8983907103538513
1532038914.9926233,18,0.8990643620491028
1532040655.3178704,19,0.8935628533363342
